{
  "total_L2L3_steps": 2676,
  "stage1_count": 2525,
  "stage1_pct": 0.9435724962630793,
  "stage2_count": 151,
  "stage2_pct": 0.05642750373692078,
  "other_count": 0
}