{
  "baseline": {
    "tau_d": 10.0,
    "tau_pages": 6,
    "recall": 0.5185185185185185,
    "fpr": 0.09926470588235294,
    "tp": 28,
    "fp": 81,
    "n_pos": 54,
    "n_neg": 816
  },
  "tau_d_minus_1": {
    "tau_d": 9.0,
    "tau_pages": 6,
    "recall": 0.5185185185185185,
    "fpr": 0.1053921568627451,
    "tp": 28,
    "fp": 86,
    "n_pos": 54,
    "n_neg": 816
  },
  "tau_d_plus_1": {
    "tau_d": 11.0,
    "tau_pages": 6,
    "recall": 0.5185185185185185,
    "fpr": 0.09803921568627451,
    "tp": 28,
    "fp": 80,
    "n_pos": 54,
    "n_neg": 816
  },
  "tau_pages_minus_1": {
    "tau_d": 10.0,
    "tau_pages": 5,
    "recall": 0.6296296296296297,
    "fpr": 0.12377450980392157,
    "tp": 34,
    "fp": 101,
    "n_pos": 54,
    "n_neg": 816
  },
  "tau_pages_plus_1": {
    "tau_d": 10.0,
    "tau_pages": 7,
    "recall": 0.48148148148148145,
    "fpr": 0.08700980392156862,
    "tp": 26,
    "fp": 71,
    "n_pos": 54,
    "n_neg": 816
  }
}