{
  "baseline": {
    "tau_pages": 5,
    "tau_l3": 14,
    "recall": 0.5740740740740741,
    "fpr": 0.10049019607843138,
    "tp": 31,
    "fp": 82,
    "n_pos": 54,
    "n_neg": 816
  },
  "tau_pages_minus_1": {
    "tau_pages": 4,
    "tau_l3": 14,
    "recall": 0.6666666666666666,
    "fpr": 0.16789215686274508,
    "tp": 36,
    "fp": 137,
    "n_pos": 54,
    "n_neg": 816
  },
  "tau_pages_plus_1": {
    "tau_pages": 6,
    "tau_l3": 14,
    "recall": 0.48148148148148145,
    "fpr": 0.08946078431372549,
    "tp": 26,
    "fp": 73,
    "n_pos": 54,
    "n_neg": 816
  },
  "tau_l3_minus_1": {
    "tau_pages": 5,
    "tau_l3": 13,
    "recall": 0.5740740740740741,
    "fpr": 0.10416666666666667,
    "tp": 31,
    "fp": 85,
    "n_pos": 54,
    "n_neg": 816
  },
  "tau_l3_plus_1": {
    "tau_pages": 5,
    "tau_l3": 15,
    "recall": 0.5555555555555556,
    "fpr": 0.09558823529411764,
    "tp": 30,
    "fp": 78,
    "n_pos": 54,
    "n_neg": 816
  }
}